Customer_ID,Name,Email,Phone,City,Country
1,Vincent George,dhall@yahoo.com,4527907687,South Jennifer,India
2,John Donovan,vallen@hotmail.com,5275691057,East Jennifer,India
3,Andrea Willis,scott96@patel-leonard.net,0886678638,Jeromechester,India
4,Ruben Oneal,summer14@gmail.com,8209120586,New Brandon,India
5,Robert Harrison,nguyenjames@vazquez-newman.com,4800464328,Port Maxwellfort,India
6,Elizabeth Diaz,martinmyers@gmail.com,1092518221,Lake Adrian,India
7,Charles Walker,campbellharold@yahoo.com,4093053831,Ayerstown,India
8,Christopher Harmon,nicholas60@gmail.com,4644689792,Hallfort,India
9,Mrs. Caitlin White,michelle75@gmail.com,9996145034,Edwardville,India
10,Christopher Bailey,matthew43@murphy.org,1419867125,Paulchester,India
11,Kristen Gray,hamiltonchristine@thomas.com,2510240100,New Johnview,India
12,Chris Murray,sara98@hotmail.com,4845743101,North Stevenborough,India
13,Eric Ortega,lori08@peterson-david.com,8869453004,Johnhaven,India
14,Jerry Mack,jfritz@hotmail.com,9713371716,Hayesbury,India
15,Angela Kelley,travis79@yahoo.com,1393978246,New Kimside,India
16,Patricia Sanchez,apruitt@underwood.com,8963910066,Heidiberg,India
17,Omar Taylor,davidvilla@gmail.com,4746239095,Jamestown,India
18,Rebecca Nolan,fletchererin@ferguson.org,3568090133,Leblancmouth,India
19,Vanessa Smith,williamsharry@robinson-robles.org,2079786636,Langville,India
20,Karen Mills,mary10@taylor-ramirez.net,7225474169,Allenside,India
21,Ashlee Watkins,ashley35@yahoo.com,9440124590,Lake Andrea,India
22,Cameron Johnson,nreed@yahoo.com,9359162470,South Robert,India
23,Robert Wilson,george37@owens.biz,3260879792,Stevenview,India
24,Gary Butler,ohancock@yahoo.com,5018054109,Shawnton,India
25,Natalie Baker,melissa51@gmail.com,5542567480,Adamhaven,India
26,Rebecca Mathews,hhall@walker.com,3655797061,South Dean,India
27,Sara Luna,fieldsnancy@dickerson.org,2658009864,Port Markville,India
28,Megan Peterson,sward@hotmail.com,5968295085,Dominguezshire,India
29,Daryl Alexander,qlester@yahoo.com,4174276123,Sarahmouth,India
30,William Taylor,johnrosales@gmail.com,6979234471,Lake Carlfort,India
31,Edward Mitchell,pmiller@davis.com,0752653652,Danielchester,India
32,Kimberly Mayer,dominiquefoster@peterson.net,0529315407,New Karina,India
33,Megan Miller,browncrystal@gmail.com,3964391692,Hensonchester,India
34,Victoria Lopez,glenn60@collins-gonzalez.com,5648394177,West Anthonyport,India
35,Deborah Berry,qwiggins@cole.info,3430128047,North Gavin,India
36,Alejandro Yang,xbarajas@gmail.com,6289885328,Kathleenberg,India
37,Robert Parker,ojensen@miller-taylor.com,4792989878,Nancystad,India
38,Ronald Monroe,gjohnson@cooper-fernandez.biz,3747023890,Perezborough,India
39,Annette Erickson,vaughntheodore@gmail.com,3362759597,West Joybury,India
40,Christopher Stephenson,jenniferholmes@hotmail.com,5313031662,Colleenport,India
41,Jacqueline Harrington,thompsonjavier@drake.com,3120960771,Port Juliaton,India
42,Katherine Smith,michaelclark@yahoo.com,7468823259,New John,India
43,Rickey Hamilton,chapmanheather@allen-jones.com,9262850886,South Yvonne,India
44,John Morrison,loretta47@navarro-hamilton.biz,0512940131,East Kimberlymouth,India
45,Antonio Harris,hcurtis@blair.org,7083709868,South William,India
46,Raymond Valencia,peggyjones@jensen.org,4074227731,South Victoria,India
47,Katrina Price,riley68@smith.com,5984396789,Shawnmouth,India
48,Kimberly Hayes,sabrina36@perez.com,7203057533,Port Glenfort,India
49,Diane Lopez,meganbaxter@boyd.org,6824335292,East Janet,India
50,Kevin Faulkner,ythornton@gmail.com,2960171576,Port Cherylchester,India
51,Stephanie Huffman,robynkrause@yahoo.com,0655525543,Robertburgh,India
52,Dr. Jaclyn Young,davisrachael@gonzalez.com,6166340917,Mooneystad,India
53,Cindy Castro,megan19@hotmail.com,1505864923,East Sarahport,India
54,David Mitchell,perezdavid@hotmail.com,0793890374,Joshuamouth,India
55,Ana Hall,travismontes@bradford.com,4267848364,West Thomasview,India
56,Edward Singleton,irandall@hotmail.com,7291728125,Ariaston,India
57,Andrew Brady,jennifer20@woods.com,0332836352,Nicholsmouth,India
58,Mark Maxwell,selenawilliams@webb-mitchell.biz,5000722934,Michaelland,India
59,Barbara Gross,hharrell@smith.net,0474136769,West Shelley,India
60,Maria Hansen,jessica88@rich-moore.org,3235932748,Lake Patriciafurt,India
61,William Davis,jessekirk@gmail.com,0559953821,Johnmouth,India
62,Marvin Hernandez,joshuajensen@johnson.info,1161467196,Robinsonview,India
63,Tamara Lewis,barnesjeremy@stanley.com,1133988928,Port Penny,India
64,William Carter,nguyenjenna@hotmail.com,5798528473,Spencerfurt,India
65,David Winters,justin70@mcpherson-russell.net,8798358824,Matthewsport,India
66,Christopher Davis,vargasscott@knight.net,9072828442,South Melanie,India
67,Robert Norris,jessica63@yahoo.com,8831148419,Meganview,India
68,Matthew Shaw,jasonparker@yahoo.com,7218943719,West Justinfurt,India
69,Jose Brooks,rwilliams@yahoo.com,4553625889,Port Katrinaton,India
70,Emma Collins,epatton@rogers-moon.biz,5412591532,West Margaret,India
71,Charles Lowe,amygreer@hotmail.com,7412465703,Thomasmouth,India
72,Emily Burke,amber89@hudson-jackson.org,6701580537,West Douglas,India
73,Erin Peters,kstrong@gmail.com,6387166153,Martinmouth,India
74,Angela Morgan,joshuawoodward@zhang.com,5221691986,South Jacquelineland,India
75,Derek Brown,storres@hotmail.com,6675245810,Brianberg,India
76,Derek Spencer,latashacole@yahoo.com,3881820194,West Hannahstad,India
77,Monique Galloway,hendersonleah@jones-parker.com,2847238232,Delgadochester,India
78,Casey Mckay,pricepamela@gmail.com,3531165885,Delacruzside,India
79,Kayla Hughes,nmadden@hotmail.com,8469310414,New Tarachester,India
80,Vicki Gonzalez,ericstrickland@hotmail.com,2091364532,West Tamaraville,India
81,Robin Murphy,vhernandez@coffey.net,4473659497,Lake Anthony,India
82,Debra Delgado,cunninghamfrederick@norton.com,1027366149,Taylorberg,India
83,Christina Woods,michael98@hotmail.com,8744216353,South Thomasville,India
84,Brandon Miller,christiansimpson@yahoo.com,1958775714,Port Jamesshire,India
85,Gloria Young,hailey95@pope.com,1941471672,West Joshualand,India
86,Ashley Jordan,harveycaitlin@ryan.com,1358893808,Jamieville,India
87,Ashley Davila,lindseyellis@mullins.com,6128970339,East Eugenechester,India
88,Lisa Glover,robertprice@yahoo.com,2831135919,Kellyfurt,India
89,Jeffrey Schultz,thomasrocha@gmail.com,5684330251,North Josephmouth,India
90,Patrick Gallagher,taylorherbert@yahoo.com,9644209101,New Markmouth,India
91,Jason Ward,andersonkatrina@adams-bates.com,8169444641,North Jody,India
92,Tina Sloan,cnorris@freeman.org,4326167813,Sandovalville,India
93,Pamela Coffey,hruiz@hicks.biz,8090611845,West Paulport,India
94,Shannon Brown,zdavis@yahoo.com,6122486139,East Kyleside,India
95,Michael Larson,hardygregory@gmail.com,7752069485,New Deanberg,India
96,Robert Pena,xbaker@yahoo.com,9174631659,South Jacqueline,India
97,Gerald Evans,tammyesparza@kim.com,7569815339,Wattsmouth,India
98,Sarah Gill,danielrivera@gmail.com,9045869750,North Wendyfurt,India
99,Henry Frye,crossdavid@hotmail.com,5411756584,Chavezburgh,India
100,Beth Smith,lperez@gmail.com,3732449867,West Kyle,India
101,Katherine Martin,pgallegos@chapman-hodges.com,4877209949,Port Sheri,India
102,Rachel Norris,thenderson@hotmail.com,0925854330,Nicholsonmouth,India
103,Gregory Boyd,simsdenise@mccoy.com,2394242241,New Mark,India
104,Jessica Powell,robinmoyer@macdonald.org,7077771632,East Jeremymouth,India
105,James Benson,phillipsashley@hotmail.com,7669826463,Hendrixhaven,India
106,Robin Hill,thenderson@gmail.com,9724383127,North Samantha,India
107,Richard Kim,danielperez@hotmail.com,0933889874,New Christopherside,India
108,Linda Freeman,eddiemcknight@hotmail.com,3904041807,South Jonathanborough,India
109,Nancy Knight,mezadeanna@hotmail.com,2600415798,Port Tanya,India
110,Christine Wilkerson,williseric@collier-moore.com,4395258709,Port Ashleymouth,India
111,Crystal Gentry,myersscott@valdez-hunter.biz,5536831535,South Amandabury,India
112,Christina Mitchell,woodswilliam@figueroa.com,5987677827,Millerville,India
113,Rhonda Jones,acarpenter@hotmail.com,6874338472,Moorefurt,India
114,Tracy Hill,vsmith@guerrero.info,3662685033,Joneschester,India
115,Jerry Andrews,moorebrenda@peterson-thompson.com,0430247713,Gwendolynmouth,India
116,Emily Roberts,yadams@davis-larson.info,8956581990,Meyersburgh,India
117,Elizabeth Lane,lgolden@sutton.info,2257370689,Janicebury,India
118,Isabel Decker,ramirezalice@tran.com,2456143629,Hamiltontown,India
119,Barbara Burgess,harringtongeorge@park.com,2576827145,Samanthashire,India
120,Natalie Mendoza,victoriachristensen@gmail.com,2451350636,Lake Kellyborough,India
121,Christopher Baker,judy22@yahoo.com,1126378509,East Omarmouth,India
122,Gabriel Ferguson,amy35@hernandez-perry.net,2187505710,North Elizabeth,India
123,Michele Rogers,timothyrose@gmail.com,0617525004,North William,India
124,Damon Fuller,landerson@gmail.com,5315570628,North Jacquelineburgh,India
125,Jennifer Franklin,williammorgan@king-herring.biz,5080675345,Port Jamie,India
126,Victoria Bryan,mary28@hotmail.com,4565802182,Maryshire,India
127,Christina Stone,angela11@wiley.com,0261485280,Tonyport,India
128,James Espinoza,kimberly49@wood.com,1163323090,New Donnastad,India
129,Audrey Lozano,ray99@bryant.com,4718963820,Ronaldchester,India
130,Kara Mcguire,rtaylor@perez-pope.com,2280342747,North Amyton,India
131,Robert Medina,phamilton@kaiser.net,2637075333,Terrifurt,India
132,Jamie Graves,ehansen@gmail.com,9615563009,Lake Tara,India
133,Antonio Huang,lisa15@taylor.net,5305009729,Chadfort,India
134,Maria Bryant,scottphillips@ware.com,8497929611,Port Jasonchester,India
135,Leslie Thomas,kevin72@keith.com,9412700862,West Emilyport,India
136,Kevin Olsen MD,ohunt@hotmail.com,5897006831,Catherineport,India
137,Shannon Daniels,kim46@weaver-little.com,3499285216,Younghaven,India
138,William Acevedo,caitlinperez@hotmail.com,9519867684,Lake Miguelstad,India
139,Samantha Silva,mcbridechristopher@gmail.com,5400760025,Port Douglaschester,India
140,Erica Herrera,davidwalker@gmail.com,4891743748,New Taylor,India
141,Nicholas Boyle,wwood@rodriguez.com,8797759609,Sarahmouth,India
142,James Fleming,jeremy95@hotmail.com,8398954424,North Mistyside,India
143,Holly Lawson,asmith@hotmail.com,2693524337,North Amandafort,India
144,Emily Henderson,ashley10@yahoo.com,5040900445,North Joshua,India
145,Angela Maldonado,esuarez@spencer-deleon.com,3510293108,East Troyfort,India
146,Jocelyn Watkins MD,bobby70@yahoo.com,2159647776,Fletcherbury,India
147,Corey Howard,danielsallison@gmail.com,7743649027,Kruegermouth,India
148,Robert Coleman,elizabeth05@obrien-miller.com,9090959047,Stacychester,India
149,Marcia Wagner,michellewilliams@yahoo.com,8424370194,North Cynthiafurt,India
150,Danielle Martinez,michael72@yahoo.com,4220260683,Lake John,India
151,Justin Sandoval,mcintyrechristian@lindsey.com,5377505422,Gregoryborough,India
152,Brian Farrell,waltersjesus@walls-herrera.com,0923218713,New Rachelborough,India
153,Raymond Kidd,michaelfrancis@gmail.com,7192683080,Christopherland,India
154,Christine Sullivan,dcarlson@gmail.com,3754904123,New Heather,India
155,Brian Brown,wendy00@williams-logan.net,8418478018,Lake Christopher,India
156,Ethan Ryan,buckyvonne@yahoo.com,9065801363,New Ericatown,India
157,Alexander Miranda,obrienscott@hotmail.com,0044317190,Williammouth,India
158,Jean Sanchez,martinjames@yahoo.com,2661016559,West Heatherland,India
159,Victoria Perez,ashley11@hotmail.com,5984107145,South Aaronport,India
160,Seth Clark,reyesrobert@gmail.com,9648872412,New Heidi,India
161,Patty Gutierrez,bowersmichelle@gmail.com,1607613363,Rodneyfort,India
162,Nicholas Williams,akim@carter-woods.net,6265099619,Port Christophermouth,India
163,Gabriela Griffith,hshaffer@hotmail.com,1582756360,Richardsonmouth,India
164,Grace Patrick,barronadam@yahoo.com,9932961082,East Betty,India
165,Matthew Bridges,kelly59@welch-garcia.org,1335292212,East Ivan,India
166,Charles Gardner,jameswright@hotmail.com,6033416888,Fryfurt,India
167,James Green,knightcrystal@hotmail.com,7124429693,Hartmanville,India
168,Angel Ewing,sandramurray@boyer.com,9260622414,West Lisaside,India
169,Penny Smith,sherry75@yahoo.com,6631219506,East Christine,India
170,Nancy Schneider,ngentry@henry.org,8680047421,West Michaelland,India
171,Sara Summers,griffithjoseph@pruitt.com,8318876957,Dawnberg,India
172,Andre Delgado,zmacias@padilla.com,1547261065,New Benjaminport,India
173,Debra Mack,frykristina@reese.com,6074843018,New James,India
174,Veronica Fisher,jesseturner@yahoo.com,4297738286,Lake Lauren,India
175,Melissa Hill,tbennett@hotmail.com,5070664793,Sarahville,India
176,Jennifer Saunders,gibsonwilliam@erickson.com,6421560525,Hineston,India
177,Joshua Hunt,acrawford@mcdonald.com,9806750182,North Jimmy,India
178,Michelle Johnson,scott32@hobbs.info,8202728831,Adamsfort,India
179,Jessica Watkins,silvasheryl@key-andrews.com,0839258051,Ericafurt,India
180,Christine Grant,edwardross@campbell-steele.net,1126525066,Vaughnhaven,India
181,Elaine Adams,kathleensingleton@gmail.com,0439971736,Emilymouth,India
182,Jeffrey Gonzalez,jeremiahjohnson@flores-lopez.com,1031627055,Wrightmouth,India
183,Mark Chang,mariahthompson@hotmail.com,3662575049,Reillyton,India
184,Connie Li,emilyward@sims.com,4807603287,East Shaunbury,India
185,John Douglas,francisco46@smith.com,9759602275,Armstrongfort,India
186,Ms. Lisa Miller DVM,tsmith@yahoo.com,2583427273,East Wayne,India
187,Angela Silva,rshepherd@hotmail.com,9129849904,Dakotaberg,India
188,Sandra Friedman,robert12@huang.net,5879316778,Hernandezborough,India
189,Brian Mcfarland,matthew27@anderson.com,0115198822,East Scott,India
190,Erica Fowler,jessicaramos@anderson.biz,0010379352,West Williefurt,India
191,Kevin Johnson,jenna19@hotmail.com,8416568512,South Ruth,India
192,Jim Bradshaw,michael81@gmail.com,3159015793,Port Brenda,India
193,Alexander Johnson,ramirezrhonda@lee.info,7734507025,East Shaunchester,India
194,Kristina Ramos,nichole92@yahoo.com,4508798734,Terrystad,India
195,Chad Pierce,vjackson@martin.net,3279054945,Beverlyland,India
196,William Frye,hendersondanny@hahn.com,4808984314,Espinozaburgh,India
197,Jason Castro,ana56@cooke-munoz.com,9696616949,Kathleenstad,India
198,Lauren Castro,iray@hotmail.com,5490297700,Johnsonstad,India
199,Sara Wilcox,mullenrobert@pena-williams.info,1095431138,West Carlmouth,India
200,Mr. Marc Fox DDS,benjamin27@anderson-rodriguez.com,5141227201,Moorebury,India
